{"SPAWN": [1.685518741607666, 1.975786805152893, 1.6843193769454956, -1.6170285940170288], "DETECTION": [0.9462687969207764, 1.6515964269638062, 1.3656591176986694, -1.2617673873901367], "CustomerRequest_PO": [1.5373661518096924, 1.0357385873794556, 1.2862361669540405, -0.5819868445396423], "CustomerRequest_SAS": [1.2741254568099976, 1.0542354583740234, 1.9430100917816162, 0.06792567670345306], "Specification_SAS": [1.2927281856536865, 1.6298346519470215, 0.7072851657867432, -0.41510528326034546], "Specification_SW": [1.440186858177185, 1.5282114744186401, 0.40478843450546265, -0.5921998620033264], "Implementation_SW": [0.7838796973228455, 0.7361149191856384, 1.0989391803741455, -0.7836068272590637], "Implementation_IV": [0.7337904572486877, 1.3744302988052368, 0.09516222774982452, -1.6678879261016846], "Integration_SW": [0.46155351400375366, 0.2940562963485718, 1.0618877410888672, -1.2881357669830322], "Integration_IV": [-0.19916579127311707, 0.19911035895347595, 0.7986733913421631, -1.780224323272705], "Verification_IV_Sys": [-0.1266336739063263, 0.4410971701145172, 0.47209790349006653, -0.9200819730758667], "Verification_IV_Capa": [0.12444938719272614, 0.38632386922836304, 0.4327948987483978, -1.0807862281799316], "Verification_IV_Stab": [0.11797496676445007, 0.31498026847839355, 0.7462510466575623, -0.6971049904823303], "Verification_IV_Upgr": [-0.021061502397060394, 0.5376033186912537, 0.6385820508003235, -0.9556596279144287], "Verification_IV_Reg": [0.22905832529067993, 0.19793595373630524, 0.5635247230529785, -0.8730273842811584], "FieldValidation_IV": [-0.06684873253107071, 0.4837839603424072, 0.47657695412635803, -0.4873894453048706], "FieldValidation_Local": [0.1642967164516449, 0.572123646736145, 0.3420095145702362, -0.4206213057041168], "Customer_Customer": [0.4429228603839874, 0.39091891050338745, 0.21757499873638153, -0.41648492217063904]}